idx,dust_av,age,mass,tauGyr
0,0.1648691903421713,0.2032911081660815,7.885366660500214,0.0330354477246532
1,0.2008517572931338,0.4702480533753313,8.297677735406536,0.0871459775662365
2,0.19786299417290612,4.033993194275275,8.184614779714327,1.2739737806583311
3,0.001,0.7216364022206547,8.36011019137045,0.2425883215430397
4,0.001,0.6994639566523551,8.373326782804572,0.5106830458053305
5,0.08059182449752017,0.8265444287294271,7.629000986652257,0.6060364290600058
6,0.4488191139005984,4.5293594528719785,10.993512669618225,0.6579691106823898
7,0.001,0.3981584007117889,7.565025588307169,0.08957940934760403
8,0.7598801007501801,0.7151506232289464,9.535678814103537,1.0226443013904023
9,0.5421368754818956,0.4082256848043896,8.290803195318121,8.622035548936557
10,0.001,3.9912821969369694,8.095127823175758,1.9137152251379228
11,0.001,0.2540591649973676,7.977726295022084,0.10497383884862292
12,0.1496828406898802,0.38720704121299626,8.580421182203517,0.14988660353936512
13,0.06734090809871086,0.6604782432029587,8.29021278831279,0.4018216912906007
14,0.021387970727951938,0.17918517942967446,7.5050030154061504,0.7989655630139391
15,0.06231830804775273,0.10995177361994964,7.452544667776006,0.018187704809690026
16,0.5364141901723024,0.08367746881107467,9.3296145668632,0.028059519146752945
17,0.001,0.5317102334820476,8.143469117967825,0.4441444193574775
18,0.12045045021922328,1.0512810189573647,8.036798621101124,0.371374257957743
19,0.14692303099362353,0.5590167599684704,7.914209178471165,0.14947774844554906
20,0.11184457273461608,1.0276707091584798,8.746104478528494,1.2482332284959106
21,0.6156284473732835,1.3031837475223762,9.584178751622302,1.1175227470934046
22,0.03667933131736737,0.11580784674620892,7.3147022183547055,0.017195471422044955
23,0.20083671055312327,0.07880241622106035,7.396342776556809,0.01676536708544946
24,0.027468747432540956,0.21882764771198168,8.640863682189291,0.07999113189126003
25,0.9179741334469992,0.5880904744956541,8.994206312516374,0.8331645257032564
26,0.001,0.5512681257098743,7.464687760638807,0.1442464320904803
27,0.001,0.46585186281358204,7.761070129131673,0.1131173343618716
28,0.6433002628712394,1.9758216693051769,10.491762603004664,0.3122854517230828
29,0.10029978807981857,0.5813173196684768,8.263955578565731,0.22107348986056355
30,0.12255071392489487,0.9584821767588684,8.590689580361412,0.5358532350833654
31,0.2499109116097005,1.196421565924715,8.643371542270527,0.6987868165027739
32,0.001,0.4863710555571169,7.700011286854748,0.16642601427018766
33,0.001,0.5082273882663088,8.061049598602908,0.28578235210216946
34,0.001,0.5918727260620769,7.152665106657326,0.3275243437559208
35,1.0476591127510448,0.3930287127453108,9.762821358482867,0.12126922903284565
36,0.7955276725889135,0.41706543630904014,8.947052598533023,0.7875981983626643
37,0.09773806560495686,0.9676306636878595,9.578560868184004,0.3573512202821469
38,0.016122967209459244,1.287655694448805,8.35165944575191,0.3734056371159525
39,0.3974097319527412,0.8122560588411881,8.519069268546339,1.1326539489083125
40,0.1277136190772224,0.3033101133937791,7.899404268047363,0.060370150040504014
41,0.08165807475294376,0.3253016209970601,8.648855325543657,0.1169273958981366
42,0.12951989169871306,1.7116697211402605,8.024827286516638,0.28364420962316195
43,0.03877371432832368,0.5987528257032482,8.41218164799717,0.15900920560503276
44,1.2234620427638354,0.1722868833790732,8.294373883678668,0.1499729904002333
45,0.02584938926277769,1.2345053524790102,8.383273299960567,0.09666567490734734
46,0.19333981203577327,0.5843321410440582,8.559203138995679,0.27167133636055746
47,0.16484674963230428,1.0180401976446758,9.261502262251456,0.3808471710818336
48,2.3605146006249527,0.15473978791141746,10.756307173294909,0.010667627793461018
49,0.6686020836512258,0.5289153181521878,9.716402883665756,0.5831187060274367
50,0.0072094865115793685,0.8259959592271641,8.121772022275199,0.15425323795048118
51,0.08629785758593006,0.6414958662694896,8.507101900487159,0.2759649005593099
52,0.06391058585974865,0.5300633064486774,7.9198806456572655,0.27916437190899296
53,0.001,0.4990835823151288,8.147649514054955,0.1380870874446533
54,0.1124169173244961,0.4208513655210708,8.279353383076705,0.09887458312833376
55,0.1031197720030264,0.35957762591537284,8.36583449354645,0.07671318583934107
56,0.001,0.6339227920160522,8.29882094429432,0.2801026011977998
57,0.05490313892782585,0.9748562189616614,8.11643642236828,0.9885793411662628
58,0.0115161208701687,0.7963784768355132,7.697491611141994,0.16481158913951566
59,0.3273740860333189,2.4053198450802347,9.744910575717554,0.2475391253055605
60,0.296168964926799,0.7721526088989837,9.230687178409923,0.7141963301613521
61,0.001,0.7560763320308967,8.533541179219421,0.259356563593018
62,0.6647426514535314,0.3835134501397346,8.216197429110165,0.05846083870301212
63,0.0894180798452512,2.1211995271915867,9.288442250017852,0.7181974913785305
64,0.001,0.50969275404311,7.146801165553132,0.7345688652961746
65,0.8450335873579444,0.9939335878541936,9.880157202161307,1.5318214183797965
66,0.001,0.8144446277633248,8.416594396846888,0.4237736717195789
67,0.3523576284586945,0.9395142623189672,8.284125101309954,0.4489806803333972
68,0.15641696346693873,0.1862898339169292,8.705259396161358,0.2545732123701309
69,0.001,0.5682550455240098,8.14788223059271,0.4633355207720397
70,0.030460384062755832,0.5925834803587943,8.263399006035531,0.0931622007886386
71,0.034320036165398984,0.8197996418345009,7.734074257935097,0.4034166113767098
72,0.04209660949652078,0.2668461636801144,8.194439569118495,0.07738843804744744
73,0.1608319310104323,0.8094988384209278,8.53954906249586,0.2384020364562108
74,0.7260629964916641,0.2938423137184644,10.025244604878921,0.10917685083892856
75,0.08122990051373312,1.1078524565375334,8.223470278328849,0.7499048704287632
76,0.2422078833057416,0.7793396444937156,8.164920776830291,0.19585369699062785
77,0.12741599393860434,1.4563912722387036,9.204922527223381,0.24135907152127276
78,0.001,0.5672686054568075,8.38632233086156,0.2379619029145673
79,0.025197619683052182,4.530510554134518,8.832494174594736,2.3271367414929096
80,0.001,1.3058536427000005,8.319468858858777,0.23138701530039546
81,0.7797243325843307,1.2955566027646763,9.847214493213466,0.7072385817582016
82,0.24410933625001485,1.36825504925616,8.348312347641011,1.6053021360575894
83,0.001,1.1802917632666323,7.913328445216393,0.4183304672282647
84,0.386054560638332,0.21161364738061886,9.658705298585726,0.11286255309916435
85,0.6257208440806259,1.3802700987909458,9.763590775137288,1.6188751421134644
86,0.8379077596624294,1.4987618581655568,10.034650144301636,0.48972564344752506
87,0.6676653940017518,0.10054695245921197,7.209604100016218,0.010877114347004054
88,0.001,0.8112859999111874,8.134021777582197,0.15332840324873426
89,0.001,0.6720300884272478,8.282909029664479,0.25371728474142896
90,0.03088996061664599,1.1041583422105827,8.309411528480439,0.4368129983755421
91,0.001,0.06777283409085529,7.596908881380697,0.011902731346843068
92,0.06297487332000096,3.9719614263570753,8.528173813582647,8.712544989230805
93,0.17967118226135534,0.5030802532652157,8.090008243627759,0.1126208721291815
94,0.3140112671564764,0.4021493046271585,8.70183355913865,0.1316639283940729
95,0.17951359358621666,1.2179263446615811,8.180022672813639,0.593199394670708
96,0.4727624286683473,0.3851865660465893,8.461245779722235,0.09614182263653157
97,0.001,1.217059077821186,8.273959085881556,0.2688011361394825
98,0.001,2.385265437163857,7.915695087883233,0.2205475825625958
99,0.17039091753439106,0.4471969171232271,7.928066162021973,0.22182236383559972
100,0.001,1.7688459904038607,8.766471764965246,0.3841520706570325
101,0.5986587344113179,0.6105271227320118,8.484320465403421,0.15200326737789774
102,0.2412927799994023,0.3594710039606965,8.369476926984994,0.11808595677169925
103,0.001,0.7204661638098703,8.830811231698643,0.6290688830577308
104,0.1327937796231553,0.5411367324567404,8.077987146527848,0.11566854316588487
105,0.001,1.5870572433225945,8.357437683898615,0.9713230101681531
106,0.001,0.12412084743227235,7.551912827806435,0.04341710893197143
107,0.10858689699718588,1.5083974873131618,8.859708753209075,0.7700331244273276
108,0.001,0.5341613552678514,7.548799952728777,0.28336059992813883
109,0.7021438295314151,0.2046897022792766,8.935321384134799,0.011941927887617566
110,0.03820363363701576,0.34411476607742525,7.677602315108997,0.09991320551586724
111,0.2886770785621909,1.073469992493029,8.953407326681235,0.297899848516341
112,0.4111432950568521,0.1925251364082391,8.330205867410235,1.1732670478321383
113,0.06791937409572334,0.2782155135083176,8.315417666837194,0.06896677916838401
114,0.09028241786215742,0.3001376824611015,7.988299440330853,0.10097857383061297
115,0.14306402191924306,1.2766873522728022,8.809524837699056,0.4816281051124607
116,0.3723557256000503,2.2150298156955515,10.36732629065715,0.36940609851265466
117,0.2554788152347881,1.6153327464005265,9.07156723113481,0.6095852461707661
118,0.059032846878887664,0.3778029814911603,7.705999173026089,0.1423883782746833
119,0.001,0.21344936249083316,7.7627644799294435,0.06120141422017857
120,0.001,0.31151580668866724,7.465684891093248,0.1125261971357894
121,0.056149491273069764,0.5695616571625284,8.364138918990445,0.12828498355871135
122,0.05260260477386386,0.34342430876070434,7.487245159669478,0.07203060193594074
123,0.14009118603619253,1.1314380705610771,9.102078090253592,0.4008102373770701
124,0.09788138193018264,1.803546770268451,8.431221898038906,1.7314826685165152
125,0.06758287239602953,1.2488461753872062,7.487765393067182,0.4828787052575442
126,0.5339680984670083,0.9904999187960232,9.401441183344117,0.5568754489503783
127,0.4799186420881606,0.11734773502055924,8.593633032756072,0.024340143139850924
128,0.0507333450679002,0.9384400278929951,8.949535831655494,0.35159020959148385
129,0.001,0.35286655872949474,8.315973320673287,0.0809172234529951
130,0.32325259888806424,0.19426464880083646,9.386693933369841,0.07812449400205516
131,0.19125915096759194,0.3209449217349221,8.347836282031192,0.10107637791677372
132,0.001,0.17479243256179364,7.561016487917852,0.02661158443106972
133,1.3204469598775417,0.11417050060674658,10.021807725218872,0.01702554832377303
134,0.1034540840642536,1.0375777284279035,7.67917408140428,0.4164901415055632
135,0.4909764439381339,1.3077251660893134,7.962534213052236,0.2856763590704928
136,0.06451139293373581,0.579169437589202,8.598146181942868,0.3751989933924793
137,0.001,2.5950778406585098,8.3366131842374,0.4189717750463364
138,0.02736078253105451,0.8997726690510476,9.0204559353949,0.4246495436968405
139,0.10941160795387588,0.5331027921277629,8.294166930368082,0.17125168338806865
140,0.016898702435922876,1.2842973832310602,8.029930532314086,0.7021609797364352
141,0.09665642185038004,0.27833566293725603,9.139478136524808,0.17986743999130542
142,0.001,2.2233961813533205,8.813660564188453,3.5913657810671897
143,0.014866007121871909,0.20027585441119386,7.268089733804011,7.5527611328227575
144,0.378967231972547,0.9479482541104092,9.156637897788974,0.2647918441462004
145,0.4982618095821979,0.5007891062481441,7.987951909171102,0.012694891948671388
146,0.8172249092744551,0.8986708365725391,9.654611727435453,0.5081667595116987
147,0.19358812628569602,0.6989643666233755,8.40844961778308,0.10074016725305893
148,0.04075973963141606,1.1854432901932426,8.130430223137358,0.4459076856549867
149,0.001,0.18806512515299212,8.34046902526759,0.061251495166028985
150,0.001,3.2098868430091767,8.048050861043157,0.9635490237180196
151,0.001,0.6444687790270464,7.696194609241347,0.3770633084963236
152,0.001,1.2207649600359254,8.876451185181233,0.253588051652718
153,0.2951562851507379,0.2939761272375465,7.815904768953657,0.14726897732503771
154,0.2352017014941777,0.6163151987947335,7.8056476390267004,0.1825033962883909
155,0.166515646708685,1.7253897271005942,7.631692203534494,9.6300707525653
156,0.14188708800175154,0.3636993359185749,7.8668062694306835,0.2879441822883035
157,0.03313879996011868,2.1127567198172867,10.291331483274627,0.2620440100099403
158,0.008594319512007887,4.55556030562034,8.182323928503484,4.735501601830543
159,0.017807493875416358,0.11092006716157686,7.266567959168622,0.014688862475612078
160,0.2477689675377385,2.8382720312243856,8.605758406362908,6.7447531658208275
161,0.005630675271550359,1.3228349770311951,7.897278152308594,0.16380184161198133
162,0.001,0.5538544163467315,8.005537811490957,0.11441243326913145
163,0.0631553520285306,0.3106317404892062,8.45544834650581,0.24473541892442585
164,0.0030850028644837306,1.0617247208960117,8.470925061221358,0.275190913434818
165,0.1227133878425529,0.5428930056935375,7.392105912766239,0.18163143968188503
166,0.6973644027355478,0.4208436764947905,9.21046319808214,0.16348518870124
167,0.09863493504243914,0.4649303812789008,8.950032581756972,0.3299147706428118
168,0.001,0.978439113491684,8.134758283951097,0.4424421636320263
169,0.15662401620871955,0.4530682789786585,8.194491997319625,0.09035475548524537
170,0.001,0.3925397924670952,7.698026426858518,0.010405919782481331
171,0.5629841245912798,0.07283315579783389,7.796275978487389,0.02609334922425456
172,1.2973923040202495,0.1462999631553615,8.827474320304027,0.013250846519840924
173,0.001,2.938038298137061,8.20430062895575,2.5124657166771622
174,0.04086061493654178,0.4030450759307795,8.649541228966562,0.1577226379750895
175,0.1375970549832137,0.32070837128316904,7.687249364062437,0.011193184413911794
176,0.01718691205847388,0.6602820824068965,8.124568744734713,0.436365699883114
177,0.3507491107453128,0.10896450969262876,7.835888289460822,0.011161206254980951
178,0.9743803176845248,0.07147087941894333,8.862746485082448,0.03298467266557725
179,0.07181872436798191,0.2778817494867521,8.348352475741484,0.13510094575995565
180,0.14871150591637025,0.6407049794691412,7.867392051522553,0.3661821855402629
181,0.08985874647317675,2.6757910568978778,9.304566721729444,1.02826781947924
182,0.001,0.5551727892937248,7.547630252478122,0.14127466170361566
183,0.001,0.5906886079977951,8.24778218081331,0.5557106386179929
184,0.060908575198734514,0.3705655541820412,7.46254807704861,0.17045661992779268
185,0.1511614124218629,1.2774773085021631,9.123950941018927,7.740840886923921
186,0.001,0.4938708543724682,8.18233774170897,2.439912011354862
187,0.001,0.1791342601902423,7.241693965845505,0.19469424121665616
188,0.6513334782492476,0.8999469428824133,8.640752247793356,0.9217447956118122
189,0.11865489844625315,0.6682201856778018,8.884196383756791,0.5755643329000723
190,0.10542360320770172,0.6290130088814436,8.019922766511447,0.5908872116881924
191,0.14539613158084694,1.7559426698321987,8.246281082373063,0.1186146135585846
192,0.19388222129394636,0.7987519826542109,8.800292569849457,0.21391291125228146
193,0.12606407556738458,0.06103108610668411,7.581893351696189,0.012422571337486487
194,0.001,0.3458105512901412,7.978859463793359,0.10853211620041288
195,0.001,0.3248752315421032,7.9009086806846,0.16469995631121842
196,0.001,0.6167619110753361,8.052899712168383,0.20480805356482554
197,0.08189894005263679,0.3692164476839496,7.807980808633982,0.15463455178705632
198,0.001,0.4125213339058217,7.164528638259978,0.02036668855054185
199,0.04819239037871555,0.10232468070573324,7.506849667273131,0.032598446109093564
200,0.13433200223341227,0.09413735038257943,8.356187040380048,0.018802129298733112
201,0.001,1.1579752893381126,8.410199841694562,0.37327440522417416
202,0.0927240353143636,1.047099179976123,7.81964331759538,0.4291065294024846
203,0.5095175389530271,0.1867332270510288,7.5007576505131075,0.04936237225004801
204,0.031421112716895634,0.11807608188822112,8.671374596662211,0.01171647385707832
205,0.04480859588250073,0.9781163101687996,8.795937161618403,0.305319757893098
206,0.02846639088364622,0.7526115435912241,8.96242908395667,0.2802627355913206
207,0.1286055267334663,0.34101020791220205,7.385734481282307,0.3444102250578349
208,0.4479159219972222,0.11481618758613645,8.675055123281371,0.021319765773774882
209,0.10343944210399744,0.64546841048118,8.525646990838498,0.23432587792881654
210,0.4608488248663707,0.29940495956629115,9.72711948230525,0.1052935729994688
211,0.25192302354690965,1.599844901332151,9.289784694145064,0.7853750431408111
212,0.035539925847654315,1.1845658999376345,7.842341702425577,0.2349095002599345
213,1.0007176112923235,0.6138789689149274,9.459203546633958,0.188871221454806
214,0.001,1.905752691706412,8.121533438010008,0.6868318133225424
215,0.4666421258932662,0.523515045485373,8.962351269426915,6.292586615313534
216,0.468257626535932,0.09118532262903567,8.960787203917665,0.01808833814451146
217,0.22334580771182508,1.699062750429542,8.190942348560407,8.047311777947327
218,0.02928049325179553,2.1049986294299528,9.28307368833269,0.4791419154370276
219,0.034732260706754337,3.2830174842029987,8.043985828433383,1.3704701074061492
220,0.6074162321982052,0.08992059521657586,9.288892641836199,0.04098497294006366
221,0.0969926811643373,0.6950915208884456,7.492263919994523,4.030730703072023
222,0.04229468530379615,0.8425066727074542,9.27260656226058,0.4736467434466726
223,0.001,0.4415882238991121,7.923869326695608,0.16734394928490084
224,0.001,1.2060247651918643,8.427957196758625,0.4160239413526549
225,0.23284328811921706,1.1897126585549112,9.545935989529113,0.9948744184618196
226,1.55584822088956,0.06808448409250044,10.035960380416832,0.010609115034281734
227,0.08152983967028958,0.5463931061261043,8.67207525229812,0.4242649865306801
228,0.002552893327618464,0.6837073042951964,7.941263784096068,0.13580019194869367
229,0.02734028516482947,4.762728229579345,7.930072523269527,2.6282630238485942
230,0.001,1.50001480747304,8.841086929380795,2.261940508907161
231,0.26691753578074845,1.097586977813226,8.147707122359675,0.33210071045202577
232,0.9470522907407344,1.1901852419169237,9.88315616905849,2.073338066574008
233,0.001,0.5143764632462062,8.223134754111049,0.1585702349543038
234,0.04833936348043786,1.58917731392516,9.049943569229749,1.5555548375560149
235,0.013048530270673778,0.5839369074901987,8.325047246226362,0.2981769454089986
236,0.001,0.12141042879411065,7.221939167111264,0.1056940127154301
237,0.1987540845041108,2.3367338153994184,9.70714756586239,0.5318719765310352
238,0.30809174061925915,1.6083763063167067,9.58864384150226,0.5626222485974767
239,0.0869835692614262,2.1510065213086262,8.032706380620056,0.2974439822768309
240,0.003632746601165489,4.342840058081842,8.356981107751277,2.004422644974821
241,0.0309349452386152,0.42247721710985975,8.241691280735276,0.1118550830094
242,0.023574147596967826,1.4258718206493788,9.159146507012002,0.1848149969003134
243,0.001,0.4844378582371644,8.224231534715532,0.05038726337674804
244,1.139739708501276,0.20600800878438125,9.64302904879732,0.08152884184146242
245,0.08529651199746162,0.39389603713916105,7.853229105441798,0.08510686628276762
246,0.001,0.6762279425129469,8.370319549435077,0.5718557059483249
247,0.1052245399498058,0.5972202137229015,7.993286423010462,0.3180326648019029
248,0.13651821035329156,1.872531309338081,8.36664625079792,1.3939102203443037
249,0.13592889063810093,0.3313888227710512,8.309712407752247,0.1357573935338924
250,0.001,0.10114962949409104,7.830196247212467,0.020421080475304002
251,0.4106353434275373,0.4057291370445153,8.208722800842066,0.1434806235156698
252,0.09835992348697914,4.690279706909097,8.561852349027209,0.6301062618971467
253,0.3677026807321002,0.5768228671762226,9.021858863181167,0.7601175087663026
254,0.001,0.8424138916085162,7.839644339313959,0.3140943420627713
255,0.4147803252661218,0.21020053175519912,9.1595545074063,0.049232696615482616
256,0.001,0.40343939307335897,8.123466127475787,0.03868933918914914
257,0.001,0.7866949579268112,8.113157695978638,0.012230828654480294
258,1.4996809790951195,0.16199034830699524,8.517016437909366,0.015472920677832031
259,0.34154789588461304,0.7892608945502635,8.628425861524526,0.4106652997521564
260,0.0431437939514245,0.5333782812758324,7.3332624529111055,0.7914098835265426
261,0.0816091038256565,1.8006569418878813,8.304302448446611,0.955657386991266
262,0.039720076645134855,0.4828395436398652,7.698034100793003,0.17545936693153102
263,0.11974288589724826,0.2501008832762534,7.12105805611654,0.5941156441662075
264,0.012832115311968885,0.4644985478383376,8.361889336319326,0.5611061506196132
265,0.001,0.5907823115524544,7.7243560830870805,0.19407029403299267
266,0.001,0.43281916377802654,7.810147707971324,0.22398875923584285
267,0.12316131139837147,0.6315933648885113,8.581045620814564,0.5249083489339907
268,0.12197628917952487,0.8702672528114609,9.03185415395161,1.0045800128411075
269,0.04564998914046898,0.5251476552509869,8.480739662158012,0.5207545010346457
270,0.34699844227035315,0.18208878420589344,8.372795278758181,1.0501658024868112
271,0.168600263776353,1.1044333728120854,8.402169546710782,0.7110808897312231
272,0.3727690580589992,0.4413688397483471,8.077012797765137,0.5131395569534953
273,0.198726910808185,0.4336179946777127,7.988233924237893,0.1953805809713056
274,0.07410818969201577,0.6449405585269102,8.289140059060896,0.2575286418063326
275,0.001,1.0151540586533399,8.194794643404789,0.4534785818473777
276,0.001,1.1569644317424368,8.835941595149395,0.4362730672407424
277,0.8707931991762985,0.5334637333244685,8.352380807005389,0.051519881202147344
278,0.001,1.5604309198758075,7.773245933977643,0.5309848441005773
279,0.01793365727353411,0.1140097336072706,7.088887678475262,0.011014616189049654
280,0.09760842431898087,0.12175016186030756,8.199093024771338,0.01543807676037414
281,0.001,0.7632449216043781,7.101968607999152,0.2136389493287151
282,0.3356453127861167,0.8177583830645554,9.147009372572725,1.027866372222876
283,0.2938232430729581,0.7503517426131671,8.059350228470835,0.1848756086393616
284,0.22234274570863527,1.0347393184967395,8.750717366320156,0.7736494309591637
285,0.001,0.42004208570543294,7.479884067945584,0.0703557389322499
286,0.1664175860195234,3.9382942179884863,8.75023579368769,1.0310692780055781
287,0.0074017808262436344,0.3800475110967474,7.476296229570787,0.12826030812251366
288,0.001,0.9396070944081536,8.068854327655627,0.509455685050032
289,0.14380375906897316,0.2661171795442484,7.82000214192897,0.07742332133279903
290,0.001,1.5169753316854024,8.10783511574924,0.4174693759118565
291,0.120153614853933,0.21415065241423914,8.108692872194856,0.04985976030587861
292,0.057358016299057214,0.25569155180429315,8.227204583948097,0.1281535118399909
293,0.03581380019380472,0.4473627182350721,8.522997876652695,0.16152738951948145
294,0.001,2.162309220607165,8.316404780332812,3.241497636034305
295,0.17708923845579194,0.550159690861784,8.179146549349044,0.18669674038917847
296,0.6979724856961489,0.11052821496247477,9.033679934035932,0.06714170049107142
297,0.06905305651867298,1.1962138288996411,7.877744017802369,0.6171611133297853
298,0.2622152882376184,0.30558108307827536,9.022541972116668,0.25239898851883164
299,0.05305090584378986,0.7867951215646155,8.613131428365588,0.14355655392589362
300,0.001,0.23186222601825676,7.8659479593283095,0.0900487647024813
301,0.8686577352325404,0.19262009111964834,8.071414857304235,0.41337561101790177
302,0.001,1.114493526957273,8.364544136487012,0.7005699488231731
303,0.001,1.0919265732283154,8.857157533352261,0.451374039172846
304,0.001,0.6635198296925299,8.71549504966427,0.4127037062728821
305,0.001,0.7715774518998767,8.507605535844865,0.4199766950771552
306,0.001,0.5211164484819141,7.845364640731383,0.06562492575277404
307,0.014770177668286309,0.5160887096113652,8.05630350534824,0.3279922144251489
308,0.002764163165648137,0.4548528792443722,8.097844896743744,0.18573433855443888
309,0.23294821207581226,0.5621323322948023,8.119427605329786,0.12311515599664424
310,0.09438824155578836,0.3516366012099828,8.021896545729026,0.2592207353897145
311,0.10875197455249837,1.4761104959614453,8.786141248921298,0.754141898274196
312,0.001,0.18758985794630936,8.241506527957968,0.07751077263476408
313,0.0015041393506293882,1.036526385670355,8.860786334250255,0.26933728895586484
314,0.18363934502127396,0.2083043792083991,8.546937854957369,0.1036944458847174
315,0.0838927677789461,0.9164340152531046,7.754349182245772,9.58331238906614
316,0.001,0.35746060964359905,8.726002092237595,0.23649075381072426
317,0.02400916003951066,0.5757911626819324,8.30656131010828,0.16170430477818087
318,0.001,2.2346076341968666,7.806358187363047,1.203004499974362
319,0.001,0.9879398431624494,7.756350884980503,0.2150798251819329
320,0.12562568431501786,0.5549931340329449,7.602167535396923,0.3960561244271441
321,1.5551112580483133,0.6115017681993922,9.552785472192332,0.3478526585892585
322,0.3261995938605266,0.3038229672859602,8.493345626087066,1.277076767956705
323,1.3176414014126598,0.2884270505306345,9.490791583738046,0.02176414260536999
324,0.14720424242583965,0.5044315232086561,8.426758519934562,0.10962292930877003
325,0.2897293039540524,0.6116167550577022,8.903826694290217,0.3492658546766836
326,0.11055544577701153,0.3748374804351191,8.149479659557919,0.1266951441486307
327,0.003357587680486275,0.904863013954888,8.537862284651343,0.4723466531261678
328,0.02446590780425398,0.4300040933836219,7.31406622268387,0.3168637289773241
329,0.5457899486297113,0.12607398152017615,9.71846181749134,0.0329659454223283
330,1.6520946522029831,0.16011604187597292,9.647928125999686,0.01860104887759297
331,0.0003176412915251864,0.6988485097881941,7.613506520910888,0.16773541197292244
332,0.6055189252602019,1.901229728296344,10.781740347323478,0.27512131181574684
333,0.4285000666214047,0.9294648355714971,9.25217971798858,0.32431021203081706
334,0.009863124654111544,0.8437894440521942,8.101546811835561,0.4445780251817405
335,0.09853368639311498,0.8824947870893836,8.050284781038416,0.4344843009419384
336,0.001,0.14232648445282545,7.605343534546454,0.12206582828134382
337,0.7301643884783384,0.2989389044917116,9.651681898114767,0.16136386433565664
338,0.001,0.625315739976048,8.41349545740093,0.1931034381253757
339,0.001,0.2287591906648183,8.986144935889481,0.31724643264722685
340,0.048571652790261516,1.4832197450825575,7.970887347878512,0.4263285574716952
341,0.18517655584599074,0.4729767623843281,7.80661599217416,0.15104775625216915
342,0.9087358015007412,0.15788566367728266,8.03977576322333,0.13597488004895888
343,0.4488366085933863,0.9695899520408248,7.907534356813604,0.23563191836842026
344,0.1007956639006774,0.14215603942572855,7.821262603623682,0.025766655299274924
345,0.040453127943016136,0.838620919665996,7.978621752713106,0.011781780812895116
346,0.17418566690143225,0.8950781789481154,8.264658636005942,0.2571491740107813
347,0.005526374750563723,1.033247376753027,8.57417279609575,0.8518751864276761
348,0.001,0.7419134847785909,7.933363859383733,0.13837385800171392
349,0.23583851212195175,0.4278835535838277,8.238511505841457,0.11484485825227204
350,0.2926551951881019,0.460041877169278,9.440168397977157,0.1204619235081874
351,0.5274055990117033,0.17173531387402186,9.616593850456843,0.06770296317266503
352,0.09548000511342908,0.4708579631802522,7.623020269822526,0.20149248813104464
353,0.1934781234327828,0.32770710500967537,7.907833448514623,0.17457696856366026
354,0.11092246934266986,0.6109858682694022,8.256488983542692,0.2538958551001847
355,0.9326342382229612,0.11664568943086162,9.554816245111992,0.04794650068765044
356,0.02444223344683753,0.9658053760865772,8.470061652319956,0.4036555491775777
357,0.8017418815176136,1.1440664375331668,8.421054771901593,6.130462766429941
358,0.7310070245817913,0.7185163391296604,9.79501732599423,0.6574649591310645
359,0.1862643050463281,1.0523326413517318,8.65727417613686,6.753458704232565
360,0.001,0.2733445271990622,7.694044699128862,0.010727651562433662
361,0.4161114300928533,0.608328919405102,8.000104748911273,0.015253427036838747
362,0.13955429415183168,0.5255492615466161,8.010488663913389,0.1600222927152541
363,0.3487129880007762,0.5930589846154672,8.368539632939553,0.24011265520190744
364,0.114184092494036,0.6430747224013487,8.142172834885217,0.4858989186568966
365,0.33907545337770084,2.1966260508236473,8.201419352376208,1.6794877392612295
366,0.001,0.270893271788969,7.741911766544211,0.010422821157051976
367,0.04682212592283815,0.7268397394265713,8.542997865081016,0.6093352441847588
368,0.012743777812285306,0.6387746764288751,8.533292787612533,0.31690922029954915
369,0.021958705157337253,1.9827634162658203,8.454669507355566,0.6997516796839649
370,0.12908645858098342,2.6022349557648616,7.884508293132592,0.667957285720558
371,0.013012683481834377,0.9318155211819704,8.123479959046778,0.5206353275710267
372,0.023872857944898296,2.1911343006865187,8.704998277586766,1.4809556423635215
373,0.07578766295142768,0.5059480069104162,8.593133490372269,0.4074229735203295
374,0.001,0.8160273028133955,8.145820438460328,0.19701356239192408
375,0.14435407859463956,0.6466348818883128,8.043224844672286,0.1094688385507
376,0.062478327233386234,2.2893425227632043,8.495882179892776,3.1034815568405563
377,1.4434653558757835,0.24006586272889854,9.685098464070867,0.024269639460921973
378,0.001,2.602460688334651,8.143694540363471,1.4258827781837038
379,0.024719148541135997,0.33522476879201085,8.112434730824319,0.02318266013378612
380,0.001,0.44080915922491604,8.158467422609133,0.1290602780973446
381,0.0874506555831627,0.3665341001220629,8.010741304919533,0.030559698343642708
382,0.001,0.4733327189852348,7.934660143031424,0.2738529567255696
383,0.001,1.0032114946200827,7.266581093140656,0.3207730772121701
384,0.0818299791459455,1.206860116755299,8.791213765299899,0.74340229399112
385,0.3719231160879469,0.31545528510669474,8.581592274926006,0.3181135974132136
386,0.001,0.5967933915306489,7.9090957075660775,0.033299313441297614
387,0.018704159805664537,2.9210520136491787,8.49988777322736,2.1238486198340256
388,0.4448627794914117,0.4734230326618558,8.662337589197811,0.10005346040432317
389,0.347477275560392,1.940245085622345,7.700433839416963,0.4337670977360853
390,0.08096130510565593,1.1687141915475536,8.099603640356612,0.37553277395735457
391,0.13971204116008112,1.422905856350486,8.35027241123346,2.3208079147579204
392,0.061943205310222786,0.3607254696265221,8.267089070368984,0.2480492472838703
393,0.001,1.0515791878339114,9.051798652258952,1.0354907218300269
394,0.2061463555249528,0.3209655549865489,8.661770656337684,0.09665603555120277
395,0.001,0.2925529986541201,7.2937299339704635,0.2568643242466434
396,0.26820219427634784,1.94922214886198,10.5608979273585,0.17440304130796244
397,0.07397209624183809,0.8987088709588645,8.908519892815862,0.6769193527461347
398,0.2686529803652016,1.008676309827136,8.663332071727837,1.339524188110492
399,0.01657076603894922,1.3363625412991136,8.585499751134396,0.4086186691696712
400,0.5595883552504208,0.3724545815810336,8.324828215190509,0.10788115190921964
401,0.001,0.6902345666526574,8.669452485564037,0.21825343697043045
402,0.15501356875808026,0.06445580263577418,7.737090977607738,0.01166465281895462
403,0.5639418897927079,1.9093161950986957,10.813873914267273,0.15118156578508538
404,0.12005317701381735,0.3655942690970405,7.450060024511446,0.10931839534419577
405,0.001,0.5074184222169523,7.559592557495027,0.15198876316931126
406,0.001,0.4096608170112738,8.046243975225401,0.14987433618055993
407,0.03562957178567908,3.28953747768967,8.988358657205994,8.925421220977368
408,0.1350936566536161,0.9013935366044512,8.311005624652495,0.27276526966653564
409,0.0034050072910027512,0.3742522166215391,7.757426335096492,0.09772536661289123
410,0.11020327245094877,0.4149866263543616,7.449565237069707,0.13541571163311636
411,1.0363597247437777,0.09780038567441388,7.560163966951673,0.11394947138948952
412,0.001,2.9208022822396478,8.592164376890103,0.9377216417114068
413,0.03699773638947188,2.1586633229784797,7.5919494619294685,8.240304050806065
414,0.280217345280896,0.8105078524575505,7.856674873652949,1.3006667387797235
415,0.05858018129053644,1.1513885068941518,8.860454251779526,0.6172946463243587
416,0.03565607097078721,0.9079656270974448,8.489355492176175,0.18130027611980268
417,0.08389803092822905,0.5106592743997179,8.237975428472188,0.0944758732876644
418,0.001,0.3727071256145436,7.6456704580041865,0.15136813082283965
419,0.001,0.27935157979805764,7.643924020234403,0.09025758462936126
420,0.001,0.15292704985563016,7.461999162805871,0.07033361160978867
421,0.09390561338739854,0.2963571622888949,7.760238879085457,0.011016395372078559
422,0.04367257087151124,1.2283733567875337,7.9049775826071915,0.34928493257543536
423,0.001,0.6078434878806529,8.450915074487979,0.1356450529336403
424,0.003973915096206482,1.8114427030492524,9.393880613340203,0.8922792141645203
425,0.001,0.4890797970169786,8.467622293518419,0.14396524300944813
426,0.34390721330019736,1.8814371788379791,9.076921401520119,0.7290083835930051
427,0.07861222506250641,0.4473035561384873,7.308083604302562,0.16844370719384208
428,0.001,0.11970284358560873,7.4692356786774186,0.02124453285594498
429,0.001,0.5722476512581683,7.670563912962258,0.1143341186435303
430,0.001,0.5567377214215409,7.413048047115661,0.18266367096939548
431,0.055345886709318975,1.6887507002934667,8.43702908809428,2.4639137419835824
432,0.09171877369075933,0.8690874496867906,7.905943564468234,0.470981872167435
433,0.001,0.683801681088497,8.562927415049161,0.2934503977628392
434,0.001,0.7110208683123366,8.396872453585416,0.30557581503053205
435,0.001,2.1479311907461125,7.7599595665567165,0.7470139456207168
436,0.001,0.9731442330737946,8.371058470411887,0.9213628611817888
437,0.07007048981622804,0.5807692290146388,9.036114313021457,0.18288812162155166
438,0.055453618758658285,0.4983609347850023,8.177226217860932,0.1941211081940285
439,0.3800131153365952,0.3543642034533913,8.032217384131426,0.4150100172688714
440,0.04162525935004406,0.5198660743796447,8.686533321201411,0.4727143798344454
441,0.134608821521205,0.9987624639127526,9.07761088543451,0.7440988024022442
442,0.06785499938768431,2.890326725307352,8.465343982529054,1.2735791818632376
443,0.001,0.3942541168348028,7.2821079463807745,0.1913223273783622
444,0.001,0.6245185651291129,7.615064781607022,0.22016384197896904
445,0.001,0.5369751613493037,7.413714827875418,0.10624300630242588
446,0.16199908262169405,4.999622928126543,9.38416281431468,0.7456707628018909
447,0.001,0.35976360287325104,8.46334777949795,0.5688679040236622
448,0.07640242677150283,0.4080208639309846,7.8161741570777155,0.04250819910934181
449,0.001,1.8246437607260504,8.457864406209065,0.5568495180276607
450,0.07537713008786559,0.5014047141502395,8.343824534683447,0.1914773917288479
451,0.0227708717408162,0.4259843520047308,7.606608241440402,0.08121541093060203
452,0.7270297036868627,0.14706178313803706,9.284147885551024,0.04004973671998549
453,0.4555151954739762,1.314780270691917,9.329399677468103,0.6867548761787994
454,0.15540208962315066,0.4220829033725329,7.88843343829887,0.3810003902174083
455,0.8894747562916007,0.8404211037443297,9.224835689959843,0.3667201678842521
456,0.7466768836506855,2.1723521274632502,10.454121834397784,0.2677042295627786
457,0.001,0.5558256827175319,8.101480796494094,0.13608469163646314
458,0.07730593701847692,0.7063448190493041,7.7162324596297465,0.486593684989642
459,0.001,1.2204632629164467,8.009324186554803,0.4008173347613933
460,0.32406580837977755,0.7921802787108552,9.270086815508131,0.6948859530329882
461,0.001,1.2559426805709804,8.315634039762111,0.9120150382425892
462,0.001,1.6340753868151738,7.9984411533595345,0.31878314231921384
463,2.162638965445208,0.20414621890522627,8.923122122389605,0.010214470552512695
464,0.3089837977199729,0.3781757622035271,8.03514913637994,0.1114868338163787
465,0.001,0.8936953722139671,8.566729538752057,0.35934417867620705
466,0.001,2.046175540431722,8.280354897617839,8.084854527161626
467,0.3325231844216285,3.4655741900506243,9.404269406202523,0.6713406709312943
468,0.1602212086757039,0.953683498671803,7.757769831993613,0.16920188953803514
469,0.15583083651208568,0.4855386193003622,7.351772821266921,0.11105548919567694
470,0.001,2.5797599200503947,8.219119092010747,1.3560911614234217
471,0.017179781318072438,0.9283677518933238,9.201053695605324,0.6397404640000757
472,0.001,0.6396512872060945,8.572272451103169,1.2957277708441357
473,1.1145419432389243,0.1458230873644039,9.851508590879506,0.05265197228768439
474,0.006440433949347165,0.6503853949629361,7.968120948731734,0.21422587825723988
475,0.001,0.4791945433983176,7.899549685177695,0.16057044254886324
476,0.001,1.2109742582867145,8.146724197893601,0.6127466342219751
477,0.449662737687284,1.7032094532681958,11.187689565880392,0.1715262443672757
478,0.4465135820552532,1.5772450464782632,9.147414862713637,6.662884917907047
479,0.28486922186076674,0.3151304723234186,8.025074393654979,0.14278560167341106
480,0.13822151648151948,0.8468733317595607,7.766770693700719,0.4759135678469058
481,0.001,1.7034801376809865,8.431505975787694,0.9799060308142684
482,0.001,0.5312719674022742,7.845582895141328,0.13049112388658274
483,0.001,0.5688480920716225,7.655419156646447,0.0331580802406588
484,0.4592319413424815,0.6857764951024429,8.270911599553244,6.0736039299780025
485,0.12731577160402255,1.0435370714257048,8.532336472011147,0.8313574644414466
486,0.012446653855120388,0.969032674371486,8.731905735506949,0.5662735288005878
487,0.0581933355946444,0.4301047276128563,7.4723589559283425,0.0831421903990241
488,0.011882602607600035,0.8842230374313237,8.004422112392678,0.382479994210484
489,1.2495188804625714,0.5131919909586334,9.564829655473037,0.1665990960591663
490,0.4162251133363475,0.15594863614995533,7.8473266071266385,0.011790142917503427
491,0.001,1.1547184591967483,8.350765068727208,0.3652675478286597
492,0.006837148057884075,0.5775418027822707,7.509487606778936,0.21924939303129265
493,0.05287529722408728,0.09878190099888523,8.38367267126415,0.029694574149004588
494,0.17329565312671355,0.1739601927112449,7.4470486903249,0.1147641111710724
495,0.0903914107363836,0.8432502626166106,8.479877534119176,0.2115411261886636
496,0.04715595326896223,3.0095198267986447,10.294133680868065,0.34077034599706874
497,0.5582771949501427,3.8396674625296137,9.231103305503986,6.284643499734918
498,0.2866799430035073,1.6107999968044848,10.56352033373784,0.29446847057169423
499,1.0745117211548456,4.581962618471403,8.540057481340272,0.014433126235016391
500,0.001,3.267098257266248,8.118793792209777,0.5004457312468431
501,0.15955527666276004,0.93491678104971,7.22696205853792,1.0336899266824646
502,0.0020263072275692167,0.7829376149667565,7.872419812106321,0.19399986858046606
503,0.5747701539153612,0.1660242762052688,8.142824551640937,0.06238059358551229
504,0.36378859835196775,1.3197513242101486,8.894658067906912,0.1522116722598861
505,0.0009766533410666047,1.118543723142346,8.577766992316421,1.4938668824511208
506,0.001,0.12540852667614769,6.925243112565965,0.01363024473071487
507,0.9494854282955988,0.12267216694500414,7.37320026367252,0.13188396252667622
508,0.043052462154203816,1.2760502016842246,7.733196810232037,0.7828168441713933
509,0.001,0.3096287976929505,7.9133405139807955,0.026301168955933263
510,0.02414631329525014,0.9836362587042464,8.358289658366152,0.10393965111200708
511,0.001,1.8018373414700484,7.9707960620629335,0.7212665589608501
512,0.04140323928075992,0.5360214928850555,8.199567487633223,0.13371540579818056
513,0.4216482464687511,0.606938796177759,8.102283367898565,0.6069527471654563
514,0.02637658443611056,0.601464375321553,7.596920055764703,0.24393276539652994
515,1.0013555884180725,0.5617750357230673,9.77317505070717,0.1927111354264918
516,0.001,0.5633649421467414,8.661592567617232,0.17077208139597966
517,0.0011563159560906595,0.5863498972375318,7.466742265269437,0.1792281911013742
518,0.039878324362374235,0.7605787741037409,8.191808612720916,0.4693571388116321
519,0.06032096375122808,0.4970082320939673,7.655113644625174,0.016582773373446994
520,0.001,0.5375295350036091,8.535362926535575,0.2327544512569011
521,0.001,0.9797560243990344,8.029219481144379,0.27515071697781224
522,0.12416572939631945,0.34710478308433523,7.795624398977423,0.16590409664158934
523,1.4257867333542589,0.07892632766305681,8.291252895069125,0.02494827820534254
524,0.3776983695288945,0.9826523401131414,8.990996623850872,0.21651391974872775
525,0.1750057478201325,0.9198183612973412,8.054270703946202,0.3600882468588979
526,0.10105967855613718,0.8239452925759383,9.018640249717578,0.4638050739617873
527,0.12623230048476833,0.7383162785087743,8.648177570757992,0.3425647334480922
528,0.5119096582440152,0.8506431858580894,7.948816588964669,0.4847831846006352
529,0.001,0.3904430573929577,7.341864427052299,0.05201328566392503
530,0.02267271953082174,1.9174745976753291,8.320142164064562,0.8754189357754635
531,0.30837344101170305,1.0851626361077655,7.734065225533742,0.19793205318115584
532,0.001,3.437136108186131,9.096130767252848,5.025995690283826
533,0.21425905653840546,0.7405512534204249,8.795874381342268,0.21997303707680532
534,0.12182357509027827,2.265298075128537,8.923179603219678,1.4893430284326543
535,0.8160690617996303,0.05092309814091624,7.438675462638392,0.03143313076223487
536,0.045514692690163734,0.8049186628878343,7.582169306682066,0.33511115241035905
537,0.026460943698042298,0.8268396778447196,7.9016756184647905,0.31559378988561104
538,0.030669637461190637,0.4267122368798456,8.382969550339897,0.16671813250163645
539,1.1451191202032465,0.0817546469750542,9.453994122458436,0.011205689639090856
540,0.6946390209598305,0.1024342099495037,7.939615066066634,0.011270456586570832
541,0.001,1.3049008636815602,8.596873261634961,0.7284673695796193
542,0.001,0.3827743549048532,7.792941615026687,0.1125118301654348
543,0.5374758964866476,0.2031746811993538,8.618343549695279,0.05077753161674879
544,0.006184865306417982,0.10624782543530756,7.78209146436557,0.013643178322810687
545,1.0182686513504449,0.07767777516856987,8.10473223125327,0.010099064821293977
546,0.001,2.5657477020110906,8.143555043117013,0.5343056152043956
547,0.09652041184990996,1.419422506683586,8.743406833116712,4.479241287118432
548,0.6501981182073293,0.3840848329945062,9.139695207533151,0.3301699325340132
549,0.001,0.4513185046970437,7.382833537769612,0.12657776269179788
550,0.003841668345635597,1.9925473125849376,7.897520796686469,1.594628876399971
551,1.5579590831393286,0.08468444622181498,8.507977034297504,0.3756052293779187
552,2.7371687089961334,0.1349123113396896,10.398128594216892,0.010315621219392794
553,0.05140796571770779,0.36575373843319103,7.5954734911890815,0.10488356623105297
554,0.36975858250542104,0.41143282305176204,7.793148835456273,0.022209201844546046
555,1.868777328486106,0.06877354817691786,9.954741350113158,0.017000436753812916
556,0.08547874802763941,0.4348089804548928,8.569261406457766,0.2422268119580023
557,0.062238678765484425,0.4880039303002499,8.969736620503976,0.15216146324758878
558,0.001,0.7581323984969651,8.060548038712014,0.3144944484205711
559,0.08343591874808577,0.1895841128030987,8.056613199918608,0.03836270093552195
560,0.001,0.35366181207234704,7.797324934540028,0.01088454825630672
561,0.34788485038951056,0.7592240841253808,9.321413079725405,0.4182016304469001
562,0.04393647502067792,1.1916509095691885,8.197945524592104,1.0454439270808915
563,0.001,0.4893730150461232,7.979295808197737,0.18378109034938547
564,0.001,1.1500725426515706,8.654231090121899,2.6213317404155707
565,0.13499247767450825,0.4761820261645221,8.557905824747461,0.08515051235022768
566,0.23407516795917035,1.013087610623952,8.418576944397989,0.2434768337924989
567,0.001,0.42347362625867785,7.64956087330059,0.10085557406072992
568,0.6284523834049398,1.4772670816504248,9.594782034189805,0.9905344607323986
569,0.1116686006042866,4.037137232008543,8.86011055593758,6.221922794421652
570,0.003982659598340711,1.5016805195503338,9.212031173616174,1.3621968730403544
571,0.005091131676387307,0.9691616342979724,8.067413421691906,0.4513732004082176
572,0.4167089351553424,0.8117805908810128,8.727286229852833,0.2307801774142882
573,0.05503719772516523,0.16572619535401362,7.0882663777025146,0.16554525873126666
574,0.001,2.558951792926743,8.761856205106549,0.7731025432740941
575,0.001,0.07789849222426604,7.277405073297419,0.01037463581061207
576,0.5302743708411715,0.8051205159522344,9.399288932261344,0.0825671897187547
577,0.21284207215548928,0.34897928066074296,7.938857439800347,0.12761256130957024
578,0.001,0.6320663752801586,8.092156345404536,0.6070699725832864
579,0.07276551661322299,2.771188222177797,9.869726734112227,0.5771834036642385
580,0.20733460302136705,1.4085409125193682,8.338877382027,0.4710352562724936
581,0.2879229029590851,0.3069396715915118,8.018855488523837,0.2256254724453691
582,1.5450655293236917,0.3908879484222583,7.282275528373723,0.014449219104355947
583,0.1085778049509921,1.9263265608385003,8.274726302201646,1.4318935613467842
584,0.08766875151543366,0.5871186225150801,8.156958830987957,0.1840395704440056
585,0.001,0.4746857439103264,7.8887583489841235,0.1426443797420749
586,0.001,0.6743607719457244,7.569760043561497,0.19039169625372168
587,0.045204053629976884,0.27889410135753273,7.473853996579154,0.12512833876557866
588,0.10794883389224534,0.461338849745856,7.736018962908798,0.2143117846441626
589,1.222190345687886,0.16574130930275313,9.249149446304703,0.01106560524288652
590,0.04925661197165974,0.21811578947034624,7.426459997646936,0.12158223939898255
591,0.09694831642985033,4.720604303892422,8.800791811904784,0.9984819051356894
592,0.001,0.9504178110709351,8.012082448095507,0.4944946362530526
593,0.14282890775140292,0.5417652582997176,7.649689018884678,0.3531194179435631
594,0.001,0.22450288413799574,7.71618874253237,0.025614802435585768
595,0.001,2.6374938446230503,9.308033082662446,0.9027093653570932
596,0.001,0.3623287100106328,7.339540591441506,0.1401782814970228
597,0.7897622926752849,0.35197959953748914,8.359686693592904,0.027901922366327055
598,0.3511860383617226,1.3977317885949223,9.597801234203034,2.3224561672761004
599,0.001,3.0674413061822983,8.735528916604169,1.2056528876247228
600,1.1893810302053338,0.2276414494269956,8.21856673177736,0.934499821477628
601,0.3958729526870351,0.7681304576922002,8.174257431267755,0.11978453856682887
602,0.001,0.2697012991792444,7.8187224997489295,0.13968437753851118
603,0.001,0.059460718266981176,7.291976805470942,0.02527206759031421
604,0.22956662347432666,0.7450985610632002,8.622312202175502,0.2899796521308136
605,1.1084288968039158,0.5349215355425987,9.53327652633724,0.07336633072607048
606,0.7467878085913316,0.3481754509566307,8.79576486394549,0.16140985211136447
607,0.0736567608776751,1.0162249348513597,8.669997363513517,0.9356179764129751
608,0.02427679564778571,2.439798780553597,7.874220213522285,0.7372734666635982
609,0.001,0.3484642584805025,8.055156010868492,0.23209974465670816
610,0.32604494013470103,0.08073605955754473,7.596633169949018,0.010844659180684396
611,1.190125672068397,1.066041137567545,9.565066222178784,0.5906141666191477
612,0.28857238521799305,0.20337855411665398,8.846583352615074,0.09305099867569364
613,0.02542257042471729,2.081636416044586,9.637407519617268,1.0677826391916223
614,0.04524749259793782,1.7292045314341329,7.5590624118058765,8.243156103856112
615,0.001,0.4626431540800117,7.666052241135723,0.1775834559945344
616,0.001,1.2848669588449466,8.095236269091448,1.559238165361185
617,0.963346261300394,0.3044543559466817,7.680175201819142,0.10213664800787628
618,0.07599193401808528,0.3587227457261776,8.039425105461863,0.01284386075006681
619,0.028216416640879868,1.1176236705085136,8.397274801103443,0.1848773525814729
620,0.14677741509167752,0.167243407521607,7.214917686928332,0.057122079747959034
621,0.001,0.7822509494542715,8.328919231342383,0.17361700405859712
622,0.19580301564772135,0.6860108091376124,7.891026611585717,0.1417066420443882
623,0.001,0.6994871275356245,7.445342784732745,0.013837456574525094
624,0.029527646561991232,0.8611692174896035,8.154926995386356,2.19017314154572
625,0.5763460811088783,1.2142471556215475,10.614644829024698,0.05292452223601687
626,0.047504726664847764,0.762456137665536,7.943124421882705,0.18793182063098413
627,0.001,0.20495556198800607,8.415747459497288,0.1400286376427937
628,0.04207725789138148,0.4324776026239038,7.406421383508907,0.20773641797584874
629,0.6206499293063067,0.6683341471549954,8.061880170797652,0.3612603862859461
630,0.10324060522959587,0.3036330883903855,8.334237417646941,0.09179948150247023
631,0.4151582820456559,1.1461597744330303,9.091034645801328,0.3319838348802091
632,0.011283877429557942,0.6745032628092401,8.430182324060532,0.8196026954259356
633,0.06090820967931709,0.3750732057629769,8.301298771763173,0.18870141603775767
634,0.06961682097107284,1.9525751052637559,9.768547214189127,0.5368033909976404
635,0.07486784470832435,0.4445296406671019,7.579720084701613,8.712963134428911
636,0.3048783358025441,0.1336985021863853,7.4953517234142115,0.026559584720462867
637,0.001,0.31949619282283154,8.234958549561481,0.5594934519542559
638,0.01104734862640172,0.7178685514375741,9.097142990175087,0.3036850660274635
639,1.1351474248727795,0.12810500142289993,8.655023587149392,0.014774187307995403
640,0.06803203967245565,0.5141056894964889,8.001841733574716,0.18452921714868056
641,0.03874870109830639,0.050975787783426416,6.601553708732253,0.012001362848691756
642,0.2787639349096886,1.2051910291261727,9.270956483610583,1.1007329930392682
643,0.3638421346701565,1.0465112956465108,8.660452383471666,0.011293280338332174
644,0.001,2.0491737791405504,8.557236826293153,4.60998292587793
645,0.001,0.0972780762290826,7.474053828308549,0.03636951392582976
646,0.6617530433676642,0.3762308045303293,9.18592747356613,0.4403082627205237
647,0.001,0.403263734965896,7.399753386260826,0.061555965004443006
648,0.001,0.5654612183959784,7.943007096329758,0.2283064631542689
649,0.001,0.2543520901526174,7.111429213064,0.08535919994951509
650,0.3627792412777119,1.2488138141451277,9.121721809379613,0.3670266129656241
651,0.13866516581375002,0.941549257258102,7.827270745621421,0.30064160049844224
652,0.1501651416656117,1.6086127063902542,8.715000892791299,0.8247572644262842
653,0.001,1.3789920923748271,8.045160462108457,0.4735122428000108
654,0.001,0.2461024915349957,7.1586861732853855,0.10573719628836488
655,0.001,0.4279699454240737,7.676011339864957,0.15299860393844486
656,0.3113753447594336,1.6509597701285028,9.520900000024335,0.7086743603729091
657,2.4746492447714883,0.08713578599374222,10.559775266667843,0.013880550431408062
658,0.18390206418218036,1.1269183636610878,9.568175978590869,0.6201658178211474
659,0.07263214520757456,0.3372301999118681,8.64335764454475,0.07076292928675022
660,0.11928984703231932,0.420665024362204,7.715098999323295,0.35579691561133897
661,0.13829285769504832,0.1615731149396554,7.267572356309943,0.023301604840262145
662,0.001,0.4860238674540036,7.3649806056195315,0.2639558577825663
663,0.001,4.879981222109678,8.091283135208915,0.010075932815478871
664,0.23932341534720364,0.69970840491522,9.516730579754544,0.2297582410906431
665,0.5023022795211283,1.007295354161026,9.49904798316784,0.4889939498222974
666,0.001,1.4168639547842083,8.595698788505503,0.491782016071825
667,0.005501776231570929,1.4331783814447625,7.825195069486887,2.180576709247622
668,0.018264167679645792,0.108741141130101,7.427595288989497,0.01721797212114403
669,0.20656844950099398,0.5039635878855574,7.726712501684128,0.08034856595202293
670,0.11211133053360592,1.0378120357487342,7.707945636610021,1.3646161382593311
671,0.001,0.3941892327566999,8.184029096953662,0.1076440934663315
672,0.06380530483189106,0.5832019294471465,7.937990498197348,0.8850355649690043
673,0.06480627581866621,0.32151958870411484,9.010949486587352,0.09475113817139463
674,0.001,0.33288892977603435,7.552549153458494,0.09753412763054664
675,0.001,0.3337882826435159,8.107704054973881,0.19418932742510792
676,0.001,0.4225940204728552,7.816659172912745,0.1891405813877308
677,0.17578404064261902,1.6702867070108711,8.292117348134168,0.7107810316021306
678,0.05500678442319039,0.2992830172618033,7.701696711939553,0.13249254829594642
679,0.001,2.212072256536309,8.177863158919191,0.01751173839841805
680,0.001,0.6321958165557856,8.178880142757244,1.7494399559076843
681,0.19006875663495984,0.0933471587588542,7.875423453880299,0.021086774226809823
682,0.6425342795049562,0.21873460634419734,8.513317855244987,0.116800281584526
683,0.04688783174185343,2.085395752569174,7.984125597871463,2.5591468463891633
684,0.001,0.9592720586383446,8.699106485841245,0.6893061333133372
685,0.08404618369783565,1.3466451502166974,8.025280895183121,3.916022041547373
686,0.2680480955768569,0.5614942790358695,8.779944914865158,0.34790250410959683
687,0.001,1.1238595486001823,8.625775864000872,0.370771855257416
688,0.001,0.2932787030969288,8.009677984286851,0.16570496673264218
689,0.001,0.2519032753541432,8.008002358343216,0.17185057121203526
690,0.13530229593780452,1.1968513338505016,8.361487299216945,0.20905590986199565
691,0.09169451892623116,1.9473910234642768,8.957932312792408,0.3939324851329415
692,0.001,0.4237161222856083,7.556578914872067,0.3708471759459436
693,0.2714158990584609,0.8352964459235731,8.825852431257832,0.2635744608182587
694,0.13598768741720116,0.4447009514108974,7.337196225272659,0.16443764819058854
695,0.001,1.3571472746910904,8.3323812554855,0.6536119162525583
696,0.27688696871596125,0.9080322882450904,9.458434611052972,0.3992078471684876
697,0.053143263974602575,0.19630202777195946,8.482197288411683,0.04844502106439691
698,0.001,0.3752936178673782,7.246927600030053,0.19799659027491756
699,0.040689424622873886,1.9289521020806737,7.804061386464263,0.8013386013860853
700,0.0405879732701441,2.649980662870251,9.345971616350443,1.0202408589794434
701,0.001,0.5055692925069438,8.048857337128407,0.16764088740841174
702,0.40032402949141743,0.8570704834941325,10.299105826345297,0.12898436857465412
703,0.09057889052539173,1.1369075140148572,9.075517870303722,1.837658606237229
704,0.9584146802364252,1.7740979960228365,9.566099498726036,0.4847461938079177
705,0.4260884615810628,0.7559951959827104,9.3104582291642,0.6900991453629244
706,0.001,0.8840120805670089,8.846224597870616,0.3599209143258545
707,0.001,1.8775954551378033,8.775747317328763,0.7552853102669412
708,1.197275703161257,0.07733186013149129,9.748431208635171,0.010176055935843356
709,0.001,0.8742489961423429,8.133539210169733,0.5598175523191323
710,0.03521536695319569,0.3519571589239604,8.250762758521573,0.1549447571475514
711,0.001,0.25414433257661145,7.539677706830929,0.7916793866843704
712,0.17707480811938886,0.527613416681065,9.0769776284541,0.13762004331363564
713,0.001,2.086893468052482,8.593153272604605,8.104004538011036
714,0.001,1.4023742715562482,9.032283797526926,0.496303903016218
715,0.09218858750636763,0.20552110224195705,7.575624939034216,0.08373626060738819
716,0.5720712355516507,1.5589469120611688,10.736205637568775,0.17154993504692975
717,0.1519177326941043,1.188464665678134,8.758679974922359,0.1552892481120412
718,0.16265235350405782,0.10571643319451292,7.572194440474112,0.030824791194687638
719,0.9046617740394308,0.26767867644101595,9.559363456510598,0.1914964776928084
720,0.013638550957427442,0.918995266063874,8.195843764610359,0.7247841129683399
721,0.001,1.1109529498483897,8.37623162716707,0.5517824903963082
722,0.001,2.4875890155142217,8.3693007321187,1.4515718143362475
723,0.04521839572914918,0.8634661825870895,8.277515291731286,0.2670900522576808
724,0.001,0.6273809604229597,7.743859024191877,0.4816732824169875
725,0.001,4.041753331321537,8.38379292575179,0.011689164930041759
726,0.3136553408395828,0.20062719525455094,9.2306130002141,0.05815531480239231
727,0.001,0.2823875645438031,8.345815661628754,0.11374640135893133
728,0.1535950308488365,0.5154508863476409,7.707146544238489,0.2503964434851645
729,0.010306962500866877,1.1725922356844782,8.347948123066411,0.266442836159483
730,0.3130975193941949,0.35278028685892165,9.180179752676445,0.16753421203530236
731,0.6451284393919625,0.3734764675133564,8.320582992551904,0.0727264427752638
732,0.7051344679503946,0.7327765375676163,8.483550893258082,0.17814592678378555
733,0.011094525210138612,0.7495604576757586,7.969730643682637,0.24706017343693226
734,0.07135037131334981,1.6944689922680538,9.652757068542217,2.459698257378525
735,0.4032332975988828,0.4000037822431481,8.974145619615141,0.1535935576224231
736,0.001,0.41058895657529576,8.38862631662786,0.21144767068979645
737,0.24705732678089165,0.9375832681207124,9.21344105253162,0.5037715374671183
738,0.06729781379872574,0.3404433844916253,7.47417312744864,0.13646299051085084
739,0.09765682825750197,0.3170265687940854,8.042770825943874,0.09212055512334492
740,0.001,0.7176719386489697,7.914841468372949,0.3316309735529364
741,1.494174621703528,0.08922230009635558,8.51301878007556,0.37592431137377597
742,0.001,0.6423975238563012,7.80793119811882,0.023977890048486543
743,0.3709494943152049,0.38661711207385857,8.552014986664469,0.30434888716741576
744,0.023703829290238572,0.6556147378961158,8.160742206827578,0.17834209314051438
745,0.2054877558274758,0.4562022751767094,9.242012449247866,0.18048015423119684
746,0.001,1.589207202838979,8.497351871046204,0.8727464021883902
747,0.1646289637483463,2.527579614482716,8.320570142416631,0.0570082130783829
748,0.001,0.8781671538656806,8.646965381243879,0.4833951073139249
749,0.06403962695491701,1.7138747249876096,8.653730250625577,2.163054571914055
750,0.001,0.5079055932529141,7.626339592375097,0.10530399503842484
751,0.25177762058265163,0.797560587023176,9.624463012793065,0.20675199157460566
752,0.001,1.6595313864051469,8.068796400900053,0.5825157506214211
753,0.8468184348524758,0.08238438528319,8.343652307325916,0.010409033164152372
754,0.02030901830019713,0.3320270632634483,8.266054676488299,0.1678335109779521
755,0.0753882826054028,1.614975472950844,8.322192333705434,0.6518976661847221
756,0.001,0.8328370352784922,7.792281745284692,0.1151616447539187
757,0.001,0.23086104575193914,8.61224533119873,0.1793587942658678
758,0.0551081656116094,2.918705474201008,7.94971237504894,0.8730532345258408
759,0.18872748573077192,3.3913254716652474,9.219462468583485,0.5645165060536167
760,0.1607285581527524,0.3385688696222326,9.093987583566683,0.1212062506066946
761,0.001,0.7566013276974214,8.291409017364558,3.0543173816269618
762,0.08855100033360644,1.9671361504323936,8.866943829266036,0.914510772525144
763,1.2421971469528268,0.06670813266011738,8.187738550910625,0.02756074485628603
764,0.001,1.6203744753213472,9.374126854916897,0.4309080731748424
765,0.001,3.7852792786452656,9.099724605425743,1.7198660431076709
766,0.001,0.09646406155655687,7.6427372961888125,0.01289191444459755
767,0.0061370622615800115,0.17790727743571896,8.057746256476365,0.10404415173585904
768,0.14587794385641362,0.9938491706586468,8.329724215293124,0.3757736538694944
769,0.8160715306842368,0.19352755042398576,9.110346184339935,0.011244780623174931
770,0.7532543514592349,0.09625318399746874,9.455000583133268,0.01720846880879394
771,0.035575308904760405,1.2035402910417023,7.986190059142232,0.7974469318269879
772,0.02779354526100826,0.5222259276567423,8.637827468954951,0.2454529556845489
773,0.0286627019200556,3.0698835256047405,9.037362830916788,5.582347328707322
774,0.001,0.5144842581474296,8.017122954888826,0.2942999914365282
775,0.001,0.7347997434693766,8.136293847271546,0.3897181732034072
776,0.03706552729070799,0.20867332911434436,8.183571964184313,0.0896091540538893
777,0.5142896108651144,0.7365760565418262,8.387343523422986,3.5079749559664912
778,0.2955218572708433,0.5841452017464738,8.27775807919734,0.13440470333350707
779,0.001,1.4516540393386583,7.777898802318375,0.4323217514969837
780,0.8161570778949161,0.2967396818227046,8.383034327256839,9.90963286598362
781,0.1526945411156653,0.5672854830398929,8.743037752604373,0.3034528231999645
782,0.09910090521742043,0.840642445310615,6.9820060918621865,1.2349600199379058
783,0.19691550900837748,0.5932845987907941,7.810841576548707,0.5509286691725084
784,1.418673239964651,0.9455692963057072,10.473275710221,0.2138013702964886
785,0.03714954312071679,0.3022324060787579,8.177924788152325,0.09266847059522704
786,0.001,0.41703002685173146,8.323069699975983,0.08657367982026827
787,0.001,0.6608994850072287,8.418292317585028,0.2617354514416469
788,0.001,0.12598714757467652,8.300536605246277,0.0719087699323686
789,0.1370056901121734,1.2210606345336097,8.151438339876918,1.0229611240669054
790,0.14042231746285908,0.6708277119870655,8.482757642418896,0.9355360201160848
791,0.02666366016792539,0.947205023639884,8.314775732894352,0.4851396620507441
792,0.001,0.3728620426407744,7.819576712396468,0.12001284851523901
793,0.001,0.5906127781995637,8.07069238291811,0.4827240900228262
794,0.001,0.5168529011812233,7.739177917142094,0.16619739311962112
795,1.853762650629864,0.09897605473180544,10.514345288943689,0.01350384002467888
796,0.001,0.3672229390961715,8.238837254943299,0.2317141250500173
797,0.417148262881506,0.9524361167951538,10.588943327915498,0.09090513286582116
798,0.014645018710859763,0.13307354535942814,7.272220671166979,0.010166599231119835
799,0.020999319971135244,1.5842179192873829,8.74878322538631,0.3490375799625707
800,0.001,1.7832158681810006,8.207512695864185,0.06596060657024355
801,0.021287632656456088,2.5315561076117663,7.705120900793929,7.16538614974618
802,0.001,1.5919344411305,7.773010422876473,2.7890576500743443
803,0.001,3.5373645203256183,8.643261568296502,8.988738831520983
804,0.09963337380487164,0.3363719418470287,8.286742056205194,0.052257252992248496
805,0.07745260942135393,0.21856365102954128,7.4266579697002175,0.06480571828472756
806,0.001,0.7119646968611316,7.998185060977138,0.26358693510730424
807,0.001,1.8824645832789275,8.628606561443428,1.1713314422259242
808,0.001,0.5714191680441809,8.654936955627178,0.16018386288552294
809,0.5501863619099404,0.22250681503359807,8.76088577487587,0.0440453873308721
810,0.19112085178553295,1.3443301277804316,9.04819760217334,0.7050395321792353
811,0.024629382202749104,0.3261139938112441,7.967990637359319,0.168395415086725
812,0.4613555588898597,0.522302694526637,8.062710049921552,0.28517859959224395
813,0.7913655014419881,0.2544556461800084,9.009017087824212,0.01530282021397781
814,0.001,0.5597520209087381,8.053777965379844,0.12124840189130767
815,0.001,0.3120509701765564,7.997679481949246,0.09801892877604386
816,0.001,2.175143402298333,7.844760193232276,5.106403224736196
817,0.001,2.371747767322196,8.452643574494509,0.7880112594177371
818,0.11887183372509474,1.001382285564465,8.915721137476831,0.5969844194135839
819,0.1055043681426388,0.08095119146488967,7.299743084915513,0.010716066052313377
820,0.4264566482393915,1.438132070367643,9.86110071353374,9.528510577091698
821,0.5627626177189007,0.7076896620542732,8.135914443576343,0.08062542289061245
822,2.8333146151593094,0.08355009209736038,10.069337497020973,0.010012890616460246
823,0.008830189356403286,0.3798822361309918,7.403437104658459,0.054528585012589635
824,0.3907138092602741,2.7767389299460175,10.351287828691676,0.4453742704725097
825,0.11857544355023485,0.16840234067696966,9.383570498501037,0.05031075243901152
826,0.001,0.09709463892037476,8.61220182088153,0.011662502259560623
827,0.001,0.08658577186879109,7.4136801411821605,0.03631550631888642
828,0.001,0.9292178378536966,7.7069577790141635,0.05435477200682813
829,0.27187263599308675,0.8926406092943296,9.224544671633014,0.5048138000749918
830,0.001,2.5398391237478672,9.48259334691916,0.9877775934947532
831,0.001,0.4116154099805506,8.479795528557128,0.1235079309324882
832,0.024717368536835413,0.546412982040136,8.123368212228275,0.08788600554635613
833,0.001,0.982262907245562,7.6784407549463465,0.2971822740830907
834,0.004765014915524064,0.2315805980899435,7.65470588061522,0.09828677523477004
835,0.043200004304214765,0.5546743609805986,8.359740281980715,0.1182056426309728
836,0.13158725177126124,0.3054901720446901,8.084749119807103,0.13824314601304952
837,0.18974153529286986,1.2166814127360426,8.06001938311789,0.011763449620426029
838,0.14897821916334125,0.3721007729693351,7.332221371445816,0.460807252180786
839,0.05782845048119999,0.3292817551686693,7.460304978136867,0.13306354333250442
840,0.001,0.1110031820852227,6.552172948336056,0.012967766161836172
841,0.001,0.1067139932504957,6.74513489972033,0.011501467415817108
842,1.0333731136740951,0.6557022785982994,9.960346888172744,1.9863985029518887
843,0.001,0.9422413235619111,7.393098778411006,0.5693972008201046
844,0.001,0.3041887338475323,7.845891985496959,0.224399075458582
845,0.02489717489638743,0.4021134436209279,7.688388757855841,0.10367527776323278
846,0.001,1.2641364741678198,8.80245776808159,0.3360923312646891
847,0.6366825621755593,1.3739387163357728,9.807401028674152,0.3093681719308268
848,0.14831078722196106,0.1360608715050923,7.687602432060788,0.09701237323896976
849,0.06731424691070823,0.521890471446948,7.930040530484664,0.2649001419242713
850,0.14286898418494812,4.156940506921806,8.814117396215963,4.657727754580991
851,0.09318466218348326,0.5936229581572877,8.45730244254113,0.15083018469275847
852,0.001,0.6192139887709021,7.291106224253063,0.3429497696671165
853,0.0003875176646367437,0.3811837575041051,8.00581815892476,0.08967927430064712
854,1.5655220884188847,0.06203909783546392,8.636582732149789,0.23776825987235334
855,0.11327697005699207,0.3291634674173712,7.3255602519731955,0.17941630503663014
856,0.1412283632968514,1.5586634092958234,9.324943409635416,0.7083572515348174
857,0.03560137740180736,1.3693774174669804,7.73696844571289,0.3411181210154215
858,0.5524163254570892,0.3262454378232396,9.524890868314687,0.13023533808893042
859,0.27221032879463025,0.6702286409563822,8.218858229894755,0.1860309566116275
860,0.035247535414979964,0.8968494056640575,7.498060504740892,0.16763214586724134
861,0.0969596771265278,0.4622045458499692,7.914175830650488,0.14468416189768732
862,0.001,0.2699813094785267,7.3657536738244715,8.696198882647037
863,0.6341683795759736,1.83096776415317,10.46589847168937,0.4248876928667867
864,0.001,0.6353358121022057,7.254206923487719,0.1131578406865016
865,0.001,0.7186958399475659,7.983416913240974,0.2747288743578259
866,0.11793888343323185,1.8544280824613677,8.10248112069009,0.3771047575154615
867,0.001,0.5602165637265467,7.51018998889783,0.15108937176917614
868,0.001,0.08314278940479354,7.599964785186352,0.028597512087823837
869,0.033838578455126944,0.41818437689570864,8.378083511724466,0.3663348402479559
870,0.001,0.2773169732326677,7.550377316304381,0.10060014412661132
871,0.001,0.6750822904651922,8.359314293013924,0.2087684200430444
872,0.1365429514302608,1.1612178283872745,9.05777678589554,8.725338826708994
873,0.055893402978332285,0.7283832847492531,7.824171765016693,0.17451302613734168
874,0.17174273345572616,0.3958217371168805,7.6992372788582735,0.3594034556193745
875,0.09371571691155267,0.9063253477074219,8.717486457591928,0.5954486121981558
876,0.08767404984285686,0.3282429330373587,7.689298386027678,0.27136705558842794
877,0.031062486425215,1.0227047010259074,7.747883825845343,0.6352134434777275
878,0.001,0.5158505162337438,8.097904832166167,0.1475779181676115
879,0.3981644823369157,1.030217334612924,9.25660038613345,2.3276238525056816
880,0.2755414641350894,0.9263551443113692,8.708889710985284,0.2948994770428532
881,0.001,0.28252676406632354,8.354010682839101,0.11146189292625457
882,0.001,1.3540154986421014,8.618565036579584,1.1244771677647596
883,0.20360494204671206,1.126450194530403,8.202924368472551,1.1731475731732257
884,0.001,0.3480749787977546,7.657934972275963,0.21528556245507333
885,0.11199488164682136,0.592747285741658,8.57761913231845,0.31094783610025656
886,0.001,0.3437990442120965,8.21097192727358,0.14645007925136735
887,0.07411316234121475,1.1650560798227712,8.394122829580889,0.22045890763563852
888,0.07443536358641868,0.128616450830824,7.172007624581207,0.09806431217303484
889,0.0049945384020644926,1.1414746439919057,8.70279024592378,0.2791832330087876
890,0.001,0.5610905097059468,8.370663740039536,0.3460843557453288
891,0.3155425948144993,0.4437610760562259,7.792211448064197,0.054966123167680785
892,0.1847357407126872,0.30559160406701,7.712343606165472,0.25926411696925583
893,0.001,0.607518629486856,7.857224072720633,0.17353269744368996
894,0.15577903882108748,0.8543566000058951,9.281772429718472,1.3461858799512492
895,0.5601442074315239,0.4937658339148542,8.018859424411833,0.1023034489299352
896,0.006707917521524361,0.5326507773020279,7.5549979218890115,0.17759008978118104
897,0.028034969946802903,0.6311848439570041,7.633020839887947,0.2866875209089584
898,0.001,0.5268308074825653,7.8207612230377475,0.3366470321749028
899,0.08622989428653609,0.22334309125445584,7.854612690430298,0.08498745977113822
900,0.029396478366481824,0.5865480679303668,7.808671788652622,0.21651754218798788
901,0.9726778379837704,0.05120665738843768,9.899943333247208,0.010299887463669078
902,0.02203742073428283,1.3978355923494301,7.9666877401346525,0.10088701163315633
903,0.001,0.8763477014829368,8.070016977431631,0.3318148831040036
904,0.001,0.7837104470430677,7.7907369752653715,0.2958294269437965
905,0.001,0.3541579395092401,8.145721784818518,0.1354961615780164
906,0.001,1.2254417057332707,7.776527793034986,0.5399904354316837
907,0.07687025342396378,0.1486586307637834,7.4188426827718255,0.01663851843033969
908,0.011783890905823116,2.2731092066583405,9.40173340452966,0.953366301821264
909,0.5406362654065064,1.0856582618384436,8.557925700323239,0.5628798669402386
910,0.508759982108505,0.06771990290785641,7.651041960535463,0.010053748153993538
911,0.18384981433795,1.1386305560508136,9.3778604991949,0.3849130915668354
912,0.001,0.2903496366817068,7.885155920926663,0.1103661953668746
913,0.001,0.4080288118250859,8.567560321470147,0.09721454041798742
914,0.03155120692092832,0.8498122610675705,7.862256661021543,0.250787987751403
915,0.08086253169985952,0.3916408218532509,7.9050527948797145,0.0993323041892084
916,0.062187070126420364,0.4558965656530133,7.672356489516484,0.06588006345526931
917,0.001,0.9809454111329706,8.640167271588224,0.6805383640095607
918,0.11133520454313303,0.3309549096974875,8.547246954558206,0.13439041882969865
919,0.09748433599891188,0.4188547171050103,8.147045215113106,0.0983858579495681
920,0.001,1.998020326611482,7.408773456989433,1.7026016712260537
921,1.3118174567158776,0.19072319844847613,9.368607225789473,0.02231661835209172
922,0.09615329676701227,0.6091499781378947,8.199960837505765,0.3462124803615344
923,0.4785619559034995,0.32585875018291177,8.438984242652646,0.2731345644289753
924,0.08059685781222341,2.333891643579442,8.65638456318457,9.114849411577897
925,0.12796372441838388,0.5540819922516127,7.861373016640153,0.1949323006483409
926,0.001,0.9215809659814068,7.634876214855872,3.630831284997889
927,0.09101205734344142,1.1440475687499023,8.453477249415139,2.2416224339305377
928,0.001,0.08034480830240809,7.268080616322687,0.031826981087332964
929,0.0815592833394924,0.5339885465297898,7.9360801934628675,0.13149156616793845
930,0.2890093312489345,0.5507061664281084,8.483527088873702,0.20967539418699688
931,0.30072843749510875,0.6538420678388451,8.856439917066037,0.36001203424800426
932,0.001,0.37901022244722304,7.945888471823271,0.7505622700580709
933,0.3305273783682896,1.1118652222778749,9.022386709023213,0.4013622820586241
934,0.09832227311780284,4.275386168053188,8.661478031960177,5.757433568533955
935,0.08970645401431361,0.3012095560954835,7.851954609053662,0.10412353457225136
936,0.001,0.3897038464393831,7.503456262144104,0.09580523198351497
937,0.08823253520826592,4.272998939993618,8.109542715210521,2.5929671591808177
938,0.06541036234501679,0.3977766624977522,8.48322949639396,0.09356232307593396
939,0.06465707803100149,0.2087751013648121,7.662040220708332,0.062363527310960676
940,0.001,0.6901181680124219,7.459823788756687,0.6565300435424853
941,0.03488615837049543,0.3035415575296861,7.966738102498585,0.16183393726290168
942,0.729556874990048,0.09870178071790237,7.794271344099307,0.0649211667999607
943,0.0013348109955239405,0.5522674175679867,7.841038960148042,0.18424471987845384
944,0.02417704764964555,1.2584645339271348,8.548112153245093,0.8443139587481471
945,0.1855433979445631,0.08752068434153819,7.884692895740478,0.02365313350953493
946,0.33602679981785083,0.10703861717387926,7.487865654883952,0.02819002029117625
947,0.001,0.07220267829024091,6.62865073565468,0.011098560224570841
948,0.001,0.9991635943508448,7.61551977294857,0.2407269044332429
949,0.001,0.6789437406347012,7.633197967310469,0.4150244726321611
950,0.09953358698893748,1.8483624520213344,8.134717976640626,0.9850266978390628
951,0.06195731182306601,0.32671392783670555,7.4939342057438205,0.026905302713271642
952,0.7340719271851457,0.059759549865443226,9.429601838550573,0.010370110790914213
953,0.5091650294054154,1.0948512611565882,8.179978542141953,0.02364065867874646
954,0.1755298775496856,0.4666293361280619,7.986176434797622,0.2986608654355057
955,0.0591680242176215,1.054119541035783,8.27514697348683,0.8939772853950841
956,1.3152338028835155,0.2433144483593223,9.498358969118707,0.05961925944764576
957,0.001,0.6123406467780578,7.723944292480994,0.13793854408645628
958,0.07697005906896523,0.8205770941305578,8.792471717512136,0.19800140566613394
959,0.001,0.5362792716062941,7.991284809380349,0.34885638965593624
960,0.0034476682909618467,1.4909294632170975,7.917219489006089,0.4974829674346269
961,0.15581048620586474,0.4037194855492103,8.099637522483134,0.22731348679906385
962,0.06833432393332696,0.4572648120747834,8.799170755883434,0.7961564053737075
963,0.2661567584727742,0.21316484502865649,8.078436798565269,0.030127997571068724
964,0.001,0.08976564507353982,7.219864476000848,0.015980244778582037
965,0.13013182421322772,0.8645960131579175,8.362796504639388,0.2743236562683616
966,0.20467217704921195,0.34442498337100713,8.312879523625822,0.07728253643267327
967,0.001,0.4702379618773808,8.01250140699319,0.1170140213893399
968,0.001,1.3241699728754874,7.743667974621196,1.389230245728263
969,0.001,0.2567982921255029,7.698995464048062,0.046419729219463086
970,0.001,0.33332629514832457,7.871997935644711,0.1859135767609628
971,0.051020483467630016,0.6175594438686862,8.543542094038113,0.14134764335845432
972,0.6584369171401648,0.2024045653343612,7.69531058695501,0.06420149582254578
973,0.001,0.4973737406116214,8.271139100095414,0.15144551332621753
974,0.17394374367929438,0.3739525063441268,8.700607105653512,0.13684750160233575
975,0.8957013416716045,0.08635245993255054,9.741763731217233,0.02396027657496155
976,0.09267192628907156,0.41010884537554937,7.727840647427604,0.04459287589970312
977,0.9844025066606416,0.8322039274403219,8.769276405303184,0.24091539299341674
978,0.001,2.3470790507310317,7.899619598165065,0.11359269378299774
979,0.0573651884701479,1.1310077704915211,8.814888528554155,0.395283949283863
980,0.001,0.6573288123594335,7.749397058601946,0.1612023897835869
981,0.007393487790723448,0.8359825170035502,8.540899465532842,0.2192530255779237
982,0.2237891585546366,0.8241511190772547,8.758968225343013,0.27215717996474426
983,0.06550624387388808,0.539531403550613,8.357908393243871,0.10841542443154953
984,0.34593910222815777,0.3348474055746605,7.790232613700888,0.14099368670648502
985,2.0842911148187357,0.07025293509358771,10.64911916707608,0.010464988565055773
986,0.22932627090024402,1.2406640914694629,10.047913458883098,0.20696056892926404
987,0.7285267205714308,0.2765016518047496,9.539645469501927,0.12565156489148918
988,0.9473150374783824,0.443906658380688,7.791185494651327,0.3478594727825476
989,0.016790787570834083,0.6485709328519411,9.011247976760027,0.3782922316202996
990,0.001,0.16989013708058898,7.651111716949752,0.06393655583304395
991,0.001,0.5197096444908131,8.420501344101835,0.0992658225683428
992,0.1773798400454862,0.3859594960080612,7.955708993321021,0.17790321843348808
993,0.001,0.8547755212290777,7.390141415638263,0.9143252433385102
994,0.1317593703244901,0.8949521816446085,8.858568543630078,1.0972780214636029
995,0.32290518838563825,2.0182315277010288,8.987870343954715,2.0699163048753433
996,0.8707943730386645,0.07513383603097698,7.607796379135362,0.06284536071398013
997,0.001,0.8496398125233583,8.415094356770378,0.9186425782821578
998,0.2321632614147263,0.586723514482263,8.286424584286276,0.16827301926601151
999,0.4569837880209074,0.6122130392603939,8.276157478547619,3.5239734410065173
